{
    "RSI": 0.2712847478558255,
    "MACD_histogram": -0.5729581824897981,
    "ROE": 0.7524039314794783,
    "Net Margin": 0.12566586843968383,
    "Debt to Equity": 0.6181453827100141,
    "Current Ratio": 0.8079692273253916,
    "Asset Turnover": 0.4858660237089318,
    "Revenue Growth": 0.7028858281315148,
    "Quick Ratio": 0.29015339861805145,
    "Inventory Turnover": 0.4946265231258303,
    "EPS": 0.0004474337496186212,
    "PE": 0.1887945809807362
}